Issue_ID,Commit
HDFS-1178,"('0d005c52ae369f9281d0c0e9d23fe50ee77b6e83', datetime.datetime(2010, 7, 26, 17, 54, 1, tzinfo=<git.objects.util.tzoffset object at 0x0000018D0534DD50>))"
HDFS-1150,"('1035138b4c03ed26ce5be9fc4dd6f6c1e0af909b', datetime.datetime(2010, 8, 2, 21, 10, 21, tzinfo=<git.objects.util.tzoffset object at 0x0000018D0534FBD0>))"
HDFS-941,"('f7c0c44de21710ccd1661be28749ed625e419429', datetime.datetime(2011, 6, 15, 21, 35, 33, tzinfo=<git.objects.util.tzoffset object at 0x0000018D0321F710>))"
HDFS-2106,"('d58e3efe9269efe00c309ed0e9726d2f94bcd03a', datetime.datetime(2011, 6, 28, 23, 57, 2, tzinfo=<git.objects.util.tzoffset object at 0x0000018D05404F10>))"
HDFS-2210,"('c4f7d2f015475673f3a68fe53f333f7cd61757c2', datetime.datetime(2011, 7, 27, 19, 8, 52, tzinfo=<git.objects.util.tzoffset object at 0x0000018D05427190>))"
HDFS-1073,"('93e0265af0b8538215b7e0776873d5e7938ed30f', datetime.datetime(2011, 10, 3, 22, 5, 42, tzinfo=<git.objects.util.tzoffset object at 0x0000018D054C8D10>))"
HDFS-1623,"('46a88ded0d84d8bce5eba4d3339110feb072ebc5', datetime.datetime(2012, 3, 11, 18, 11, 43, tzinfo=<git.objects.util.tzoffset object at 0x0000018D056BC710>))"
HDFS-2187,"('53190cfa1d43762e463bcb957929097742db08ba', datetime.datetime(2011, 8, 4, 20, 22, 13, tzinfo=<git.objects.util.tzoffset object at 0x0000018D05433290>))"
HDFS-2108,"('7fac946ac983e31613fd62836c8ac9c4a579210a', datetime.datetime(2011, 8, 4, 22, 55, 48, tzinfo=<git.objects.util.tzoffset object at 0x0000018D0543C910>))"
HDFS-1974,"('73f2092b7351b9cc13d0e12bc4ade6c470934ee8', datetime.datetime(2011, 8, 11, 0, 44, 5, tzinfo=<git.objects.util.tzoffset object at 0x0000018D0543E510>))"
HDFS-2096,"('d86f3183d93714ba078416af4f609d26376eadb0', datetime.datetime(2011, 8, 19, 17, 36, 23, tzinfo=<git.objects.util.tzoffset object at 0x0000018D054555D0>))"
HDFS-395,"('73451ed2d9fb5eb228d80ad5f3be302a60496527', datetime.datetime(2011, 8, 26, 4, 46, 42, tzinfo=<git.objects.util.tzoffset object at 0x0000018D05467410>))"
HDFS-2018,"('bdc3720d5b67a1c8fc2dfb29be16e4155c0e7f15', datetime.datetime(2011, 9, 6, 20, 27, 38, tzinfo=<git.objects.util.tzoffset object at 0x0000018D05479B50>))"
HDFS-2284,"('61d0b7530c8978c095ab6f62d9d38e168bd829c6', datetime.datetime(2011, 9, 11, 1, 41, 42, tzinfo=<git.objects.util.tzoffset object at 0x0000018D05483350>))"
HDFS-2318,"('ff4437289530bb32acbda52a85ba891f10e1b285', datetime.datetime(2011, 9, 16, 15, 5, 25, tzinfo=<git.objects.util.tzoffset object at 0x0000018D05498710>))"
HDFS-2181,"('e4db38bdbe25752ebf7040f4ac99c91dc08ea71f', datetime.datetime(2011, 10, 6, 21, 58, 22, tzinfo=<git.objects.util.tzoffset object at 0x0000018D054D1DD0>))"
HDFS-1973,"('8b4f497af85b49519da2e05e8269db6c4e9d621f', datetime.datetime(2011, 10, 6, 23, 26, 14, tzinfo=<git.objects.util.tzoffset object at 0x0000018D054D0F10>))"
HDFS-2246,"('2ab10e29d9cca5018064be46a40e3c74423615a8', datetime.datetime(2011, 11, 22, 2, 57, 4, tzinfo=<git.objects.util.tzoffset object at 0x0000018D055659D0>))"
HDFS-2316,"('e9c2307838a84ac80f5a55e0c6d705ecf3c7d4c0', datetime.datetime(2011, 11, 28, 6, 30, 49, tzinfo=<git.objects.util.tzoffset object at 0x0000018D05574ED0>))"
HDFS-1975,"('f87a4b40bc99e76602a75906df31747cfdbff78a', datetime.datetime(2011, 11, 30, 21, 46, 22, tzinfo=<git.objects.util.tzoffset object at 0x0000018D05574910>))"
HDFS-1580,"('6f8d347b83edee1d72aef4735ec9d024baa7ba57', datetime.datetime(2012, 3, 7, 9, 15, 30, tzinfo=<git.objects.util.tzoffset object at 0x0000018D056B59D0>))"
HDFS-2178,"('3334306512b5dc932814fded31a89ba1ee97cd9f', datetime.datetime(2011, 12, 8, 19, 25, 28, tzinfo=<git.objects.util.tzoffset object at 0x0000018D05590410>))"
HDFS-234,"('248756eac6f5002e44c9e176428741537e2c533f', datetime.datetime(2012, 9, 24, 17, 44, 32, tzinfo=<git.objects.util.tzoffset object at 0x0000018D0588C390>))"
HDFS-2676,"('60dd76c6abcba6db77ff439f57e07fda76867b64', datetime.datetime(2011, 12, 14, 8, 20, 23, tzinfo=<git.objects.util.tzoffset object at 0x0000018D055A9090>))"
HDFS-1972,"('31c91706f7d17da006ef2d6c541f8dd092fae077', datetime.datetime(2011, 12, 21, 4, 32, 40, tzinfo=<git.objects.util.tzoffset object at 0x0000018D055C2090>))"
HDFS-2731,"('1a75ec82885e45baf4d5cd56d6c738d8e68d8bc7', datetime.datetime(2012, 3, 12, 19, 41, 21, tzinfo=<git.objects.util.tzoffset object at 0x0000018D056BCF90>))"
HDFS-3042,"('0b3af2a66b3e357e7eade8d0580e232f420116a4', datetime.datetime(2012, 6, 7, 21, 35, 30, tzinfo=<git.objects.util.tzoffset object at 0x0000018D057978D0>))"
HDFS-3148,"('4f15b9dfed02845b07539f074ccee3074647dffd', datetime.datetime(2012, 4, 2, 23, 20, 34, tzinfo=<git.objects.util.tzoffset object at 0x0000018D056F4C50>))"
HDFS-2185,"('789ed57e7171b6813a212af977bfc2134dc90f65', datetime.datetime(2012, 4, 3, 0, 59, 2, tzinfo=<git.objects.util.tzoffset object at 0x0000018D056F5310>))"
HDFS-3187,"('9972a9633df404a3cf3956b21c4d587276e181ca', datetime.datetime(2012, 4, 3, 22, 30, 29, tzinfo=<git.objects.util.tzoffset object at 0x0000018D056F7650>))"
HDFS-3050,"('4f6e0a5a659064e0af3bec315e7c25d5e43b47f5', datetime.datetime(2012, 4, 5, 0, 2, 11, tzinfo=<git.objects.util.tzoffset object at 0x0000018D057024D0>))"
HDFS-3136,"('b3ac25048c298e933a6e576c72e8ebae07a93ab6', datetime.datetime(2012, 4, 6, 16, 50, 31, tzinfo=<git.objects.util.tzoffset object at 0x0000018D05711CD0>))"
HDFS-3004,"('706394d03992b394e9f907aff2155df493e4ea4e', datetime.datetime(2012, 4, 9, 19, 39, 58, tzinfo=<git.objects.util.tzoffset object at 0x0000018D05718850>))"
HDFS-2617,"('a2eb525ce1e7228f8585e6c462e37588806f9834', datetime.datetime(2012, 5, 4, 22, 1, 57, tzinfo=<git.objects.util.tzoffset object at 0x0000018D0573EBD0>))"
HDFS-3058,"('39661c06f78dab00e296b74199f47d630e5d3845', datetime.datetime(2012, 5, 25, 3, 56, 12, tzinfo=<git.objects.util.tzoffset object at 0x0000018D05776F90>))"
HDFS-3049,"('5952c7bb62854384fe2774c248625fe1bd7263c5', datetime.datetime(2012, 7, 8, 19, 53, 14, tzinfo=<git.objects.util.tzoffset object at 0x0000018D057CEF10>))"
HDFS-2802,"('742707d62133f4a741d25d396c7e95c57ace1153', datetime.datetime(2013, 5, 10, 0, 15, 29, tzinfo=<git.objects.util.tzoffset object at 0x0000018D05ADE0D0>))"
HDFS-3077,"('7ca007b2413d4373e4cb1a4e70958490a2408e70', datetime.datetime(2012, 10, 11, 22, 51, 34, tzinfo=<git.objects.util.tzoffset object at 0x0000018D058BB850>))"
HDFS-3637,"('9b4a7900c7dfc0590316eedaa97144f938885651', datetime.datetime(2012, 8, 7, 16, 40, 3, tzinfo=<git.objects.util.tzoffset object at 0x0000018D05810350>))"
HDFS-3672,"('0555a2145d3d89367c6af09ae93f14d058b8c06c', datetime.datetime(2012, 8, 22, 22, 43, 50, tzinfo=<git.objects.util.tzoffset object at 0x0000018D0583F550>))"
HDFS-2656,"('009235f4a9a6b6f0af49dd0af39a842ef25a9534', datetime.datetime(2012, 9, 10, 13, 43, 28, tzinfo=<git.objects.util.tzoffset object at 0x0000018D05879790>))"
HDFS-3703,"('d543140089690f4ec877d26981f4ad7908b33d1d', datetime.datetime(2012, 9, 13, 5, 46, 18, tzinfo=<git.objects.util.tzoffset object at 0x0000018D058816D0>))"
HDFS-3495,"('833b928adf40ccf6385d665bdef8d5fca8a2f480', datetime.datetime(2012, 11, 28, 19, 41, 57, tzinfo=<git.objects.util.tzoffset object at 0x0000018D058D13D0>))"
HDFS-3680,"('df2fb006b28bf1907fe3c54255e5f6bbb7698285', datetime.datetime(2012, 12, 6, 22, 27, 27, tzinfo=<git.objects.util.tzoffset object at 0x0000018D05930110>))"
HDFS-4103,"('b9f965de120b5278ac84a7e98aecb32aafde4c16', datetime.datetime(2012, 12, 21, 1, 30, 49, tzinfo=<git.objects.util.tzoffset object at 0x0000018D05926BD0>))"
HDFS-347,"('2245fcc8c5c45f56db44be24a050dba3b11839c6', datetime.datetime(2013, 5, 16, 7, 9, 41, tzinfo=<git.objects.util.tzoffset object at 0x0000018D05AEEFD0>))"
HDFS-2576,"('7e7d99e90584b18797c9adbb6536c3b9323d7fb3', datetime.datetime(2013, 4, 30, 22, 14, 44, tzinfo=<git.objects.util.tzoffset object at 0x0000018D05AB1ED0>))"
HDFS-4721,"('d2495d553f8ca4af64fa70224ac96d2c3604600e', datetime.datetime(2013, 4, 26, 20, 51, 45, tzinfo=<git.objects.util.tzoffset object at 0x0000018D05ABC490>))"
HDFS-4762,"('440481489d49fc2885acd36542f11630870818f4', datetime.datetime(2013, 8, 5, 18, 50, 31, tzinfo=<git.objects.util.tzoffset object at 0x0000018D05BB08D0>))"
HDFS-4465,"('5428bfbf53d264cc3c67b39b94c30a93cc4578c3', datetime.datetime(2013, 7, 4, 5, 52, 13, tzinfo=<git.objects.util.tzoffset object at 0x0000018D05B62250>))"
HDFS-4372,"('da8e962e39bd41b73b53966826c82e741b08010b', datetime.datetime(2013, 7, 11, 5, 35, 29, tzinfo=<git.objects.util.tzoffset object at 0x0000018D05B6DE10>))"
HDFS-4817,"('b8f1cf31926dd20caea02f620d93688dad53caa8', datetime.datetime(2013, 10, 7, 5, 30, 18, tzinfo=<git.objects.util.tzoffset object at 0x0000018D05C4FB50>))"
HDFS-4949,"('2de391de9fd60620180da186db369107da06d8d3', datetime.datetime(2014, 1, 22, 21, 52, 56, tzinfo=<git.objects.util.tzoffset object at 0x0000018D05D69D90>))"
HDFS-2832,"('5241aa4cdd24b60f74f123e99bab788958186e09', datetime.datetime(2014, 1, 7, 0, 40, 59, tzinfo=<git.objects.util.tzoffset object at 0x0000018D05D40350>))"
HDFS-4953,"('a99edd1f403486f084f719a0647a9b7204bbc439', datetime.datetime(2013, 8, 20, 18, 11, 47, tzinfo=<git.objects.util.tzoffset object at 0x0000018D05BD3850>))"
HDFS-5085,"('613979c8fdacf25fd563395ecc399c4de94d3ee7', datetime.datetime(2013, 9, 10, 19, 29, 45, tzinfo=<git.objects.util.tzoffset object at 0x0000018D05C05290>))"
HDFS-4990,"('abf09f090f77a7e54e331b7a07354e7926b60dc9', datetime.datetime(2013, 9, 18, 15, 12, 52, tzinfo=<git.objects.util.tzoffset object at 0x0000018D05C1DA10>))"
HDFS-5096,"('40c97caf1936edf8fbdee3874e70ef0ef2ddda7d', datetime.datetime(2013, 10, 16, 22, 15, 47, tzinfo=<git.objects.util.tzoffset object at 0x0000018D05C73610>))"
HDFS-5366,"('3c591aa442d342bdd4a0c4abe9a43c64d8ef3e65', datetime.datetime(2013, 11, 13, 18, 18, 37, tzinfo=<git.objects.util.tzoffset object at 0x0000018D05CBD490>))"
HDFS-5502,"('fef8f49c5885ba05dcd73e8a02de7c2be5ec3f0e', datetime.datetime(2013, 11, 16, 1, 0, 42, tzinfo=<git.objects.util.tzoffset object at 0x0000018D05CAA250>))"
HDFS-3987,"('3cae2ba63fe6f0765d860677a9bd9f1ea158c1c3', datetime.datetime(2013, 11, 20, 21, 51, 58, tzinfo=<git.objects.util.tzoffset object at 0x0000018D05CD7210>))"
HDFS-5431,"('991c453ca3ac141a3f286f74af8401f83c38b230', datetime.datetime(2013, 12, 17, 18, 47, 4, tzinfo=<git.objects.util.tzoffset object at 0x0000018D05D17010>))"
HDFS-5698,"('beb17701d7b18e22632c6e96267a2ed03f384bf7', datetime.datetime(2014, 2, 17, 23, 48, 39, tzinfo=<git.objects.util.tzoffset object at 0x0000018D05DCC3D0>))"
HDFS-5810,"('beb0d25d2a7ba5004c6aabd105546ba9a9fec9be', datetime.datetime(2014, 2, 12, 19, 8, 52, tzinfo=<git.objects.util.tzoffset object at 0x0000018D05DBC990>))"
HDFS-5318,"('2f341414dd4a052bee3907ff4a6db283a15f9d53', datetime.datetime(2014, 2, 19, 22, 59, 37, tzinfo=<git.objects.util.tzoffset object at 0x0000018D05DD8510>))"
HDFS-5776,"('036af543873429529d01b2222c3b974d9f64a9fc', datetime.datetime(2014, 2, 24, 22, 34, 55, tzinfo=<git.objects.util.tzoffset object at 0x0000018D05DE7490>))"
HDFS-5950,"('6465b0b55f263c06f4d37800db951adba314a9fd', datetime.datetime(2014, 3, 3, 4, 1, 26, tzinfo=<git.objects.util.tzoffset object at 0x0000018D05E0D4D0>))"
HDFS-6134,"('2ca93d1fbf0fdcd6b4b5a151261052ac106ac9e1', datetime.datetime(2014, 8, 28, 19, 5, 57, tzinfo=<git.objects.util.tzoffset object at 0x0000018D06032E10>))"
HDFS-2006,"('2ad014a097c0b31e38ece0b7928c3544899b2611', datetime.datetime(2014, 6, 15, 14, 54, 36, tzinfo=<git.objects.util.tzoffset object at 0x0000018D05F23050>))"
HDFS-2856,"('3b54223c0f32d42a84436c670d80b791a8e9696d', datetime.datetime(2014, 7, 14, 18, 10, 3, tzinfo=<git.objects.util.tzoffset object at 0x0000018D05F75050>))"
HDFS-573,"('70d453602cfd6f2b3f109c5961d2338301fc950f', datetime.datetime(2014, 8, 8, 16, 26, 45, tzinfo=<git.objects.util.tzoffset object at 0x0000018D05FE2F50>))"
HDFS-6581,"('5dbc8c9cb00da1ba55e1c94c4c1e19d34cf1bd5a', datetime.datetime(2015, 6, 16, 19, 5, 44, tzinfo=<git.objects.util.tzoffset object at 0x0000018D064C6190>))"
HDFS-6634,"('faa4455be512e070fa420084be8d1be5c72f3b08', datetime.datetime(2014, 9, 2, 14, 2, 29, tzinfo=<git.objects.util.tzoffset object at 0x0000018D06044510>))"
HDFS-6956,"('55302ccfba199ddf070119be30df06afd2511e05', datetime.datetime(2014, 9, 26, 10, 30, 30, tzinfo=<git.objects.util.tzoffset object at 0x0000018D060854D0>))"
HDFS-6982,"('dcb8e24427b02e2f3ff9a12d2eb1eb878e3443bb', datetime.datetime(2014, 11, 17, 17, 33, 42, tzinfo=<git.objects.util.tzoffset object at 0x0000018D0607A010>))"
HDFS-3107,"('7e9358feb326d48b8c4f00249e7af5023cebd2e2', datetime.datetime(2015, 1, 12, 22, 50, 4, tzinfo=<git.objects.util.tzoffset object at 0x0000018D060864D0>))"
HDFS-3689,"('2848db814a98b83e7546f65a2751e56fb5b2dbe0', datetime.datetime(2015, 1, 27, 12, 58, 10, tzinfo=<git.objects.util.tzoffset object at 0x0000018D06078A50>))"
HDFS-8791,"('2c8496ebf3b7b31c2e18fdf8d4cb2a0115f43112', datetime.datetime(2016, 3, 1, 15, 4, 59, tzinfo=<git.objects.util.tzoffset object at 0x0000018D06792AD0>))"
HDFS-3702,"('8bd0bca0b1ea524132f564b3b8332506421f64b9', datetime.datetime(2016, 4, 27, 15, 37, 41, tzinfo=<git.objects.util.tzoffset object at 0x0000018D0681AFD0>))"
HDFS-1312,"('6314843881b4c67d08215e60293f8b33242b9416', datetime.datetime(2016, 6, 23, 23, 0, 56, tzinfo=<git.objects.util.tzoffset object at 0x0000018D068C6390>))"
HDFS-6984,"('12e44e7bdaf53d3720a89d32f0cc2717241bd6b2', datetime.datetime(2017, 8, 2, 12, 12, 48, tzinfo=<git.objects.util.tzoffset object at 0x0000018D06D2B650>))"
HDFS-13224,"('e71bc00a471422ddb26dd54e706f09f0fe09925c', datetime.datetime(2018, 3, 15, 10, 32, 30, tzinfo=<git.objects.util.tzoffset object at 0x0000018D07F79010>))"
HDFS-14201,"('3ab77d9bc9eacfdb218b68988235a921c810b0d1', datetime.datetime(2019, 6, 18, 9, 58, 29, tzinfo=<git.objects.util.tzoffset object at 0x0000018D0862A750>))"
HDFS-13616,"('c734d69a55693143d0aba2f7f5a793b11c8c50a5', datetime.datetime(2020, 3, 9, 14, 51, 16, tzinfo=<git.objects.util.tzoffset object at 0x0000018D086A5690>))"
HDFS-13183,"('9b38be43c6323077a7be14e1295ad484c4038372', datetime.datetime(2020, 5, 28, 13, 0, 4, tzinfo=<git.objects.util.tzoffset object at 0x0000018D0869BFD0>))"
HDFS-13639,"('be374faf429d28561dd9c582f5c55451213d89a4', datetime.datetime(2020, 5, 21, 13, 21, 17, tzinfo=<git.objects.util.tzoffset object at 0x0000018D086A7D50>))"
HDFS-16016,"('15e1789bafb5ca16e6d4e24e8319b7303bbf8194', datetime.datetime(2024, 1, 20, 7, 51, 55, tzinfo=<git.objects.util.tzoffset object at 0x0000018D08E39B90>))"
HDFS-16262,"('94b884ae553e9d67f57e3ae7d2b22468c6f342fa', datetime.datetime(2022, 1, 25, 11, 42, 35, tzinfo=<git.objects.util.tzoffset object at 0x0000018D08A58F50>))"
HDFS-16463,"('d557c44d94abea080aa44b3035c480843b899a2d', datetime.datetime(2022, 6, 10, 9, 59, 7, tzinfo=<git.objects.util.tzoffset object at 0x0000018D08A62C50>))"
HDFS-13522,"('44b8bb7224f296c5202b3a8cbad937875b01a270', datetime.datetime(2022, 11, 7, 8, 43, 4, tzinfo=<git.objects.util.tzoffset object at 0x0000018D08A63450>))"
